
<?xml version="1.0" encoding="UTF-8" standalone="yes"?>
<addon id="repository.ratopro" name="Ratopro Repo" version="1.0.0" provider-name="Ratopro">
	<extension point="xbmc.addon.repository" name="Ratopro Repo">
		<info compressed="false">https://raw.githubusercontent.com/ratopro/kodi/master/addons.xml</info>
		<checksum>https://raw.githubusercontent.com/ratopro/kodi/master/addons.xml.md5</checksum>
		<datadir zip="true">https://raw.githubusercontent.com/ratopro/kodi/master</datadir>
	</extension>
	<extension point="xbmc.addon.metadata">
		<summary>Ratopro Repo</summary>
   		<description lang="es">Instala los Addons de Ratopro.</description>
		<disclaimer></disclaimer>
		<platform>all</platform>
	</extension>
</addon>